{
  "to_currency": {
    "precision": 1.0,
    "recall": 1.0,
    "f1-score": 1.0,
    "support": 12,
    "confused_with": {}
  },
  "language": {
    "precision": 1.0,
    "recall": 1.0,
    "f1-score": 1.0,
    "support": 5,
    "confused_with": {}
  },
  "from_currency": {
    "precision": 1.0,
    "recall": 1.0,
    "f1-score": 1.0,
    "support": 12,
    "confused_with": {}
  },
  "search_request": {
    "precision": 0.987012987012987,
    "recall": 1.0,
    "f1-score": 0.9934640522875817,
    "support": 76,
    "confused_with": {}
  },
  "micro avg": {
    "precision": 0.9905660377358491,
    "recall": 1.0,
    "f1-score": 0.9952606635071091,
    "support": 105
  },
  "macro avg": {
    "precision": 0.9967532467532467,
    "recall": 1.0,
    "f1-score": 0.9983660130718954,
    "support": 105
  },
  "weighted avg": {
    "precision": 0.990599876314162,
    "recall": 1.0,
    "f1-score": 0.9952692187986306,
    "support": 105
  },
  "accuracy": 0.9965635738831615
}